[
  {
    "elementType": "geometry.fill",
    "stylers": [
      {
        "color": "#dcdcdc"
      }
    ]
  },
  {
    "elementType": "geometry.stroke",
    "stylers": [
      {
        "color": "#9f9f9f"
      },
      {
        "weight": 0.5
      }
    ]
  },
  {
    "elementType": "labels.icon",
    "stylers": [
      {
        "visibility": "off"
      }
    ]
  },
  {
    "elementType": "labels.text.fill",
    "stylers": [
      {
        "color": "#6d6d6d"
      }
    ]
  },
  {
    "elementType": "labels.text.stroke",
    "stylers": [
      {
        "visibility": "off"
      }
    ]
  },
  {
    "featureType": "administrative.neighborhood",
    "elementType": "labels.text.fill",
    "stylers": [
      {
        "color": "#9f9f9f"
      }
    ]
  },
  {
    "featureType": "water",
    "elementType": "geometry.fill",
    "stylers": [
      {
        "color": "#9BA4B9"
      }
    ]
  },
  {
    "featureType": "water",
    "elementType": "labels.text.fill",
    "stylers": [
      {
        "color": "#8BE4FF"
      }
    ]
  }
]
