[
  {
    "elementType": "geometry.fill",
    "stylers": [
      {
        "color": "#232323"
      }
    ]
  },
  {
    "elementType": "geometry.stroke",
    "stylers": [
      {
        "color": "#606060"
      },
      {
        "weight": 0.5
      }
    ]
  },
  {
    "elementType": "labels.icon",
    "stylers": [
      {
        "visibility": "off"
      }
    ]
  },
  {
    "elementType": "labels.text.fill",
    "stylers": [
      {
        "color": "#929292"
      }
    ]
  },
  {
    "elementType": "labels.text.stroke",
    "stylers": [
      {
        "visibility": "off"
      }
    ]
  },
  {
    "featureType": "administrative.neighborhood",
    "elementType": "labels.text.fill",
    "stylers": [
      {
        "color": "#606060"
      }
    ]
  },
  {
    "featureType": "water",
    "elementType": "geometry.fill",
    "stylers": [
      {
        "color": "#6a707f"
      }
    ]
  },
  {
    "featureType": "water",
    "elementType": "labels.text.fill",
    "stylers": [
      {
        "color": "#53d5fd"
      }
    ]
  }
]
