{"v":"5.1.20","fr":60,"ip":0,"op":110,"w":540,"h":540,"nm":"mail","ddd":0,"assets":[],"layers":[{"ddd":0,"ind":1,"ty":4,"nm":"Shape Layer 2","sr":1,"ks":{"o":{"a":0,"k":100,"ix":11},"r":{"a":0,"k":0,"ix":10},"p":{"a":0,"k":[270,270,0],"ix":2},"a":{"a":0,"k":[0,0,0],"ix":1},"s":{"a":0,"k":[100,100,100],"ix":6}},"ao":0,"shapes":[{"ty":"gr","it":[{"ind":0,"ty":"sh","ix":1,"ks":{"a":0,"k":{"i":[[0,0],[0,0]],"o":[[0,0],[0,0]],"v":[[-179,-214.5],[-152.5,-174.5]],"c":false},"ix":2},"nm":"Path 1","mn":"ADBE Vector Shape - Group","hd":false},{"ty":"st","c":{"a":0,"k":[0,0,0,1],"ix":3},"o":{"a":0,"k":100,"ix":4},"w":{"a":0,"k":6,"ix":5},"lc":1,"lj":1,"ml":4,"nm":"Stroke 1","mn":"ADBE Vector Graphic - Stroke","hd":false},{"ty":"tr","p":{"a":0,"k":[0,0],"ix":2},"a":{"a":0,"k":[0,0],"ix":1},"s":{"a":0,"k":[100,100],"ix":3},"r":{"a":0,"k":0,"ix":6},"o":{"a":0,"k":100,"ix":7},"sk":{"a":0,"k":0,"ix":4},"sa":{"a":0,"k":0,"ix":5},"nm":"Transform"}],"nm":"Shape 1","np":3,"cix":2,"ix":1,"mn":"ADBE Vector Group","hd":false},{"ty":"tm","s":{"a":1,"k":[{"i":{"x":[0.833],"y":[0.833]},"o":{"x":[0.167],"y":[0.167]},"n":["0p833_0p833_0p167_0p167"],"t":28,"s":[100],"e":[0]},{"t":41}],"ix":1},"e":{"a":1,"k":[{"i":{"x":[0.833],"y":[0.833]},"o":{"x":[0.167],"y":[0.167]},"n":["0p833_0p833_0p167_0p167"],"t":34,"s":[100],"e":[0]},{"t":47}],"ix":2},"o":{"a":0,"k":0,"ix":3},"m":1,"ix":2,"nm":"Trim Paths 1","mn":"ADBE Vector Filter - Trim","hd":false}],"ip":17,"op":69,"st":0,"bm":0},{"ddd":0,"ind":2,"ty":4,"nm":"Shape Layer 1","sr":1,"ks":{"o":{"a":0,"k":100,"ix":11},"r":{"a":0,"k":0,"ix":10},"p":{"a":0,"k":[270,270,0],"ix":2},"a":{"a":0,"k":[0,0,0],"ix":1},"s":{"a":0,"k":[100,100,100],"ix":6}},"ao":0,"shapes":[{"ty":"gr","it":[{"ind":0,"ty":"sh","ix":1,"ks":{"a":0,"k":{"i":[[0,0],[0,0]],"o":[[0,0],[0,0]],"v":[[99,-243],[84,-193]],"c":false},"ix":2},"nm":"Path 1","mn":"ADBE Vector Shape - Group","hd":false},{"ty":"st","c":{"a":0,"k":[0,0,0,1],"ix":3},"o":{"a":0,"k":100,"ix":4},"w":{"a":0,"k":6,"ix":5},"lc":1,"lj":1,"ml":4,"nm":"Stroke 1","mn":"ADBE Vector Graphic - Stroke","hd":false},{"ty":"tr","p":{"a":0,"k":[0,0],"ix":2},"a":{"a":0,"k":[0,0],"ix":1},"s":{"a":0,"k":[100,100],"ix":3},"r":{"a":0,"k":0,"ix":6},"o":{"a":0,"k":100,"ix":7},"sk":{"a":0,"k":0,"ix":4},"sa":{"a":0,"k":0,"ix":5},"nm":"Transform"}],"nm":"Shape 1","np":3,"cix":2,"ix":1,"mn":"ADBE Vector Group","hd":false},{"ty":"tm","s":{"a":1,"k":[{"i":{"x":[0.833],"y":[0.833]},"o":{"x":[0.167],"y":[0.167]},"n":["0p833_0p833_0p167_0p167"],"t":28,"s":[100],"e":[0]},{"t":41}],"ix":1},"e":{"a":1,"k":[{"i":{"x":[0.833],"y":[0.833]},"o":{"x":[0.167],"y":[0.167]},"n":["0p833_0p833_0p167_0p167"],"t":34,"s":[100],"e":[0]},{"t":47}],"ix":2},"o":{"a":0,"k":0,"ix":3},"m":1,"ix":2,"nm":"Trim Paths 1","mn":"ADBE Vector Filter - Trim","hd":false}],"ip":17,"op":69,"st":0,"bm":0},{"ddd":0,"ind":3,"ty":4,"nm":"Layer 8 Outlines 3","parent":10,"sr":1,"ks":{"o":{"a":0,"k":100,"ix":11},"r":{"a":0,"k":180,"ix":10},"p":{"a":0,"k":[206.177,-115.206,0],"ix":2},"a":{"a":0,"k":[206.177,415.324,0],"ix":1},"s":{"a":0,"k":[100,100,100],"ix":6}},"ao":0,"shapes":[{"ty":"gr","it":[{"ind":0,"ty":"sh","ix":1,"ks":{"a":1,"k":[{"i":{"x":0.833,"y":1},"o":{"x":0.167,"y":0},"n":"0p833_1_0p167_0","t":68,"s":[{"i":[[0,0],[0,0],[0,0],[0,0],[0,0],[0,0]],"o":[[0,0],[0,0],[0,0],[0,0],[0,0],[0,0]],"v":[[191.177,-64.544],[191.199,-64.354],[-191.217,-64.104],[-191.177,-64.544],[-21.168,-64.671],[19.801,-64.608]],"c":true}],"e":[{"i":[[0,0],[0,0],[0,0],[0,0],[0,0],[-12.124,-8.991]],"o":[[0,0],[0,0],[0,0],[0,0],[12.125,-8.991],[0,0]],"v":[[191.177,-64.544],[191.293,-63.166],[-191.061,-63.166],[-191.177,-64.544],[-20.48,-233.671],[20.348,-233.671]],"c":true}]},{"t":78}],"ix":2},"nm":"Path 1","mn":"ADBE Vector Shape - Group","hd":false},{"ty":"st","c":{"a":0,"k":[0.136999990426,0.122000002394,0.125,1],"ix":3},"o":{"a":0,"k":100,"ix":4},"w":{"a":0,"k":6,"ix":5},"lc":2,"lj":1,"ml":10,"nm":"Stroke 1","mn":"ADBE Vector Graphic - Stroke","hd":false},{"ty":"fl","c":{"a":0,"k":[1,1,1,1],"ix":4},"o":{"a":0,"k":100,"ix":5},"r":1,"nm":"Fill 1","mn":"ADBE Vector Graphic - Fill","hd":false},{"ty":"tr","p":{"a":0,"k":[206.177,215.162],"ix":2},"a":{"a":0,"k":[0,0],"ix":1},"s":{"a":0,"k":[100,100],"ix":3},"r":{"a":0,"k":0,"ix":6},"o":{"a":0,"k":100,"ix":7},"sk":{"a":0,"k":0,"ix":4},"sa":{"a":0,"k":0,"ix":5},"nm":"Transform"}],"nm":"Group 1","np":3,"cix":2,"ix":1,"mn":"ADBE Vector Group","hd":false}],"ip":68,"op":110,"st":55,"bm":0},{"ddd":0,"ind":4,"ty":4,"nm":"Layer 8 Outlines 2","parent":10,"sr":1,"ks":{"o":{"a":0,"k":100,"ix":11},"r":{"a":0,"k":180,"ix":10},"p":{"a":0,"k":[206.177,-115.206,0],"ix":2},"a":{"a":0,"k":[206.177,415.324,0],"ix":1},"s":{"a":0,"k":[100,100,100],"ix":6}},"ao":0,"shapes":[{"ty":"gr","it":[{"ind":0,"ty":"sh","ix":1,"ks":{"a":1,"k":[{"i":{"x":0.46,"y":1},"o":{"x":0.759,"y":0},"n":"0p46_1_0p759_0","t":23,"s":[{"i":[[0,0],[0,0],[0,0],[0,0],[0,0],[-12.124,-8.991]],"o":[[0,0],[0,0],[0,0],[0,0],[12.125,-8.991],[0,0]],"v":[[191.177,-64.544],[191.293,-63.166],[-191.061,-63.166],[-191.177,-64.544],[-20.48,-233.671],[20.348,-233.671]],"c":true}],"e":[{"i":[[0,0],[0,0],[0,0],[0,0],[0,0],[0,0]],"o":[[0,0],[0,0],[0,0],[0,0],[0,0],[0,0]],"v":[[191.177,-64.544],[191.199,-64.354],[-191.217,-64.104],[-191.177,-64.544],[41.297,-64.144],[54.197,-64.448]],"c":true}]},{"t":28}],"ix":2},"nm":"Path 1","mn":"ADBE Vector Shape - Group","hd":false},{"ty":"st","c":{"a":0,"k":[0.136999990426,0.122000002394,0.125,1],"ix":3},"o":{"a":0,"k":100,"ix":4},"w":{"a":0,"k":6,"ix":5},"lc":2,"lj":1,"ml":10,"nm":"Stroke 1","mn":"ADBE Vector Graphic - Stroke","hd":false},{"ty":"fl","c":{"a":0,"k":[1,1,1,1],"ix":4},"o":{"a":0,"k":100,"ix":5},"r":1,"nm":"Fill 1","mn":"ADBE Vector Graphic - Fill","hd":false},{"ty":"tr","p":{"a":0,"k":[206.177,215.162],"ix":2},"a":{"a":0,"k":[0,0],"ix":1},"s":{"a":0,"k":[100,100],"ix":3},"r":{"a":0,"k":0,"ix":6},"o":{"a":0,"k":100,"ix":7},"sk":{"a":0,"k":0,"ix":4},"sa":{"a":0,"k":0,"ix":5},"nm":"Transform"}],"nm":"Group 1","np":3,"cix":2,"ix":1,"mn":"ADBE Vector Group","hd":false}],"ip":0,"op":29,"st":0,"bm":0},{"ddd":0,"ind":5,"ty":4,"nm":"Layer 3 Outlines","parent":10,"sr":1,"ks":{"o":{"a":0,"k":100,"ix":11},"r":{"a":0,"k":0,"ix":10},"p":{"a":0,"k":[205.552,334.59,0],"ix":2},"a":{"a":0,"k":[182.988,86.91,0],"ix":1},"s":{"a":0,"k":[100,111.111,100],"ix":6}},"ao":0,"shapes":[{"ty":"gr","it":[{"ind":0,"ty":"sh","ix":1,"ks":{"a":0,"k":{"i":[[0,0],[-0.662,-0.123],[-1.845,0],[0,0],[-1.75,0.326],[0.54,0.401],[0,0],[13.161,-11.825]],"o":[[-0.541,0.401],[1.75,0.326],[0,0],[1.845,0],[0.662,-0.123],[0,0],[-13.124,-11.866],[0,0]],"v":[[-167.447,70.037],[-167.123,71.411],[-161.724,71.91],[161.725,71.91],[167.123,71.411],[167.448,70.037],[23.618,-60.013],[-22.634,-60.085]],"c":true},"ix":2},"nm":"Path 1","mn":"ADBE Vector Shape - Group","hd":false},{"ty":"st","c":{"a":0,"k":[0.136999990426,0.122000002394,0.125,1],"ix":3},"o":{"a":0,"k":100,"ix":4},"w":{"a":0,"k":6,"ix":5},"lc":1,"lj":1,"ml":10,"nm":"Stroke 1","mn":"ADBE Vector Graphic - Stroke","hd":false},{"ty":"fl","c":{"a":0,"k":[1,1,1,1],"ix":4},"o":{"a":0,"k":100,"ix":5},"r":1,"nm":"Fill 1","mn":"ADBE Vector Graphic - Fill","hd":false},{"ty":"tr","p":{"a":0,"k":[182.988,86.911],"ix":2},"a":{"a":0,"k":[0,0],"ix":1},"s":{"a":0,"k":[100,100],"ix":3},"r":{"a":0,"k":0,"ix":6},"o":{"a":0,"k":100,"ix":7},"sk":{"a":0,"k":0,"ix":4},"sa":{"a":0,"k":0,"ix":5},"nm":"Transform"}],"nm":"Group 1","np":3,"cix":2,"ix":1,"mn":"ADBE Vector Group","hd":false}],"ip":0,"op":360,"st":0,"bm":0},{"ddd":0,"ind":6,"ty":4,"nm":"Layer 4 Outlines","parent":10,"sr":1,"ks":{"o":{"a":0,"k":100,"ix":11},"r":{"a":0,"k":0,"ix":10},"p":{"a":0,"k":[304.332,268.376,0],"ix":2},"a":{"a":0,"k":[107.922,146.503,0],"ix":1},"s":{"a":0,"k":[100,111.111,100],"ix":6}},"ao":0,"shapes":[{"ty":"gr","it":[{"ind":0,"ty":"sh","ix":1,"ks":{"a":0,"k":{"i":[[16.266,0],[0,0],[0,0],[0,0],[0,-2.186],[0,0]],"o":[[0,0],[0,0],[0,0],[1.797,-1.245],[0,0],[0,16.266]],"v":[[63.47,131.503],[59.736,131.503],[-92.922,31.65],[88.674,-107.195],[92.927,-104.967],[92.922,102.051]],"c":true},"ix":2},"nm":"Path 1","mn":"ADBE Vector Shape - Group","hd":false},{"ty":"st","c":{"a":0,"k":[0.136999990426,0.122000002394,0.125,1],"ix":3},"o":{"a":0,"k":100,"ix":4},"w":{"a":0,"k":6,"ix":5},"lc":1,"lj":1,"ml":10,"nm":"Stroke 1","mn":"ADBE Vector Graphic - Stroke","hd":false},{"ty":"fl","c":{"a":0,"k":[1,1,1,1],"ix":4},"o":{"a":0,"k":100,"ix":5},"r":1,"nm":"Fill 1","mn":"ADBE Vector Graphic - Fill","hd":false},{"ty":"tr","p":{"a":0,"k":[107.922,146.503],"ix":2},"a":{"a":0,"k":[0,0],"ix":1},"s":{"a":0,"k":[100,100],"ix":3},"r":{"a":0,"k":0,"ix":6},"o":{"a":0,"k":100,"ix":7},"sk":{"a":0,"k":0,"ix":4},"sa":{"a":0,"k":0,"ix":5},"nm":"Transform"}],"nm":"Group 1","np":3,"cix":2,"ix":1,"mn":"ADBE Vector Group","hd":false}],"ip":0,"op":360,"st":0,"bm":0},{"ddd":0,"ind":7,"ty":4,"nm":"Layer 5 Outlines","parent":10,"sr":1,"ks":{"o":{"a":0,"k":100,"ix":11},"r":{"a":0,"k":0,"ix":10},"p":{"a":0,"k":[107.822,268.376,0],"ix":2},"a":{"a":0,"k":[107.922,146.503,0],"ix":1},"s":{"a":0,"k":[100,111.111,100],"ix":6}},"ao":0,"shapes":[{"ty":"gr","it":[{"ind":0,"ty":"sh","ix":1,"ks":{"a":0,"k":{"i":[[-16.266,0],[0,0],[0,0],[0,0],[0,-2.186],[0,0]],"o":[[0,0],[0,0],[0,0],[-1.797,-1.245],[0,0],[0,16.266]],"v":[[-63.469,131.503],[-59.736,131.503],[92.921,31.65],[-88.646,-107.589],[-92.898,-105.361],[-92.921,102.051]],"c":true},"ix":2},"nm":"Path 1","mn":"ADBE Vector Shape - Group","hd":false},{"ty":"st","c":{"a":0,"k":[0.136999990426,0.122000002394,0.125,1],"ix":3},"o":{"a":0,"k":100,"ix":4},"w":{"a":0,"k":6,"ix":5},"lc":1,"lj":1,"ml":10,"nm":"Stroke 1","mn":"ADBE Vector Graphic - Stroke","hd":false},{"ty":"fl","c":{"a":0,"k":[1,1,1,1],"ix":4},"o":{"a":0,"k":100,"ix":5},"r":1,"nm":"Fill 1","mn":"ADBE Vector Graphic - Fill","hd":false},{"ty":"tr","p":{"a":0,"k":[107.922,146.503],"ix":2},"a":{"a":0,"k":[0,0],"ix":1},"s":{"a":0,"k":[100,100],"ix":3},"r":{"a":0,"k":0,"ix":6},"o":{"a":0,"k":100,"ix":7},"sk":{"a":0,"k":0,"ix":4},"sa":{"a":0,"k":0,"ix":5},"nm":"Transform"}],"nm":"Group 1","np":3,"cix":2,"ix":1,"mn":"ADBE Vector Group","hd":false}],"ip":0,"op":360,"st":0,"bm":0},{"ddd":0,"ind":8,"ty":4,"nm":"Layer 6 Outlines","parent":9,"sr":1,"ks":{"o":{"a":0,"k":100,"ix":11},"r":{"a":0,"k":0,"ix":10},"p":{"a":0,"k":[171.565,99.292,0],"ix":2},"a":{"a":0,"k":[41.758,40.511,0],"ix":1},"s":{"a":0,"k":[100,100,100],"ix":6}},"ao":0,"shapes":[{"ty":"gr","it":[{"ind":0,"ty":"sh","ix":1,"ks":{"a":0,"k":{"i":[[0,0],[0,0],[0,0],[0,0]],"o":[[0,0],[0,0],[0,0],[0,0]],"v":[[-3.907,-16.82],[3.798,-16.82],[3.798,40.26],[-3.907,40.26]],"c":true},"ix":2},"nm":"Path 1","mn":"ADBE Vector Shape - Group","hd":false},{"ind":1,"ty":"sh","ix":2,"ks":{"a":0,"k":{"i":[[1.085,1.084],[0,1.519],[-1.085,1.086],[-1.592,0],[-1.086,-1.048],[0,-1.446],[1.085,-1.086],[1.591,0]],"o":[[-1.085,-1.086],[0,-1.447],[1.085,-1.085],[1.591,0],[1.085,1.05],[0,1.592],[-1.086,1.084],[-1.592,0]],"v":[[-4.015,-30.927],[-5.643,-34.835],[-4.015,-38.634],[0,-40.26],[4.016,-38.688],[5.643,-34.944],[4.016,-30.927],[0,-29.301]],"c":true},"ix":2},"nm":"Path 2","mn":"ADBE Vector Shape - Group","hd":false},{"ty":"mm","mm":1,"nm":"Merge Paths 1","mn":"ADBE Vector Filter - Merge","hd":false},{"ty":"mm","mm":4,"nm":"Merge Paths 2","mn":"ADBE Vector Filter - Merge","hd":false},{"ty":"fl","c":{"a":0,"k":[0.396078431372549,0.5803921568627451,0.9058823529411765,1],"ix":4},"o":{"a":0,"k":100,"ix":5},"r":1,"nm":"Fill 1","mn":"ADBE Vector Graphic - Fill","hd":false},{"ty":"st","c":{"a":0,"k":[0.396078431372549,0.5803921568627451,0.9058823529411765,1],"ix":3},"o":{"a":0,"k":100,"ix":4},"w":{"a":0,"k":5,"ix":5},"lc":1,"lj":1,"ml":4,"nm":"Stroke 1","mn":"ADBE Vector Graphic - Stroke","hd":false},{"ty":"tr","p":{"a":0,"k":[77.623,40.511],"ix":2},"a":{"a":0,"k":[0,0],"ix":1},"s":{"a":0,"k":[100,100],"ix":3},"r":{"a":0,"k":0,"ix":6},"o":{"a":0,"k":100,"ix":7},"sk":{"a":0,"k":0,"ix":4},"sa":{"a":0,"k":0,"ix":5},"nm":"Transform"}],"nm":"Group 1","np":6,"cix":2,"ix":1,"mn":"ADBE Vector Group","hd":false},{"ty":"gr","it":[{"ind":0,"ty":"sh","ix":1,"ks":{"a":0,"k":{"i":[[-4.232,-4.159],[0,-7.957],[0,0],[0,0],[0,0],[2.966,3.111],[5.497,0],[3.581,-3.653],[0,-6.438],[0,0],[0,0],[0,0],[0,0],[0,0],[-3.69,1.809],[-4.775,0]],"o":[[4.232,4.161],[0,0],[0,0],[0,0],[0,-5.932],[-2.967,-3.11],[-6.151,0],[-3.581,3.654],[0,0],[0,0],[0,0],[0,0],[0,0],[2.097,-3.327],[3.69,-1.807],[7.162,0]],"v":[[19.914,-11.015],[26.262,7.162],[26.262,40.26],[18.557,40.26],[18.557,7.923],[14.107,-5.643],[1.411,-10.309],[-13.186,-4.829],[-18.557,10.309],[-18.557,40.26],[-26.262,40.26],[-26.262,-40.26],[-18.557,-40.26],[-18.557,-6.837],[-9.876,-14.542],[2.822,-17.255]],"c":true},"ix":2},"nm":"Path 1","mn":"ADBE Vector Shape - Group","hd":false},{"ty":"mm","mm":4,"nm":"Merge Paths 1","mn":"ADBE Vector Filter - Merge","hd":false},{"ty":"st","c":{"a":0,"k":[0.396078431372549,0.5803921568627451,0.9058823529411765,1],"ix":3},"o":{"a":0,"k":100,"ix":4},"w":{"a":0,"k":5,"ix":5},"lc":1,"lj":1,"ml":4,"nm":"Stroke 1","mn":"ADBE Vector Graphic - Stroke","hd":false},{"ty":"fl","c":{"a":0,"k":[0.396078431372549,0.5803921568627451,0.9058823529411765,1],"ix":4},"o":{"a":0,"k":100,"ix":5},"r":1,"nm":"Fill 1","mn":"ADBE Vector Graphic - Fill","hd":false},{"ty":"tr","p":{"a":0,"k":[26.511,40.511],"ix":2},"a":{"a":0,"k":[0,0],"ix":1},"s":{"a":0,"k":[100,100],"ix":3},"r":{"a":0,"k":0,"ix":6},"o":{"a":0,"k":100,"ix":7},"sk":{"a":0,"k":0,"ix":4},"sa":{"a":0,"k":0,"ix":5},"nm":"Transform"}],"nm":"Group 2","np":4,"cix":2,"ix":2,"mn":"ADBE Vector Group","hd":false}],"ip":0,"op":360,"st":0,"bm":0},{"ddd":0,"ind":9,"ty":4,"nm":"Layer 7 Outlines","parent":10,"sr":1,"ks":{"o":{"a":0,"k":100,"ix":11},"r":{"a":0,"k":0,"ix":10},"p":{"a":1,"k":[{"i":{"x":0.667,"y":1},"o":{"x":0.333,"y":0},"n":"0p667_1_0p333_0","t":28,"s":[205.028,314.897,0],"e":[205.119,224.562,0],"to":[0,0,0],"ti":[0,0,0]},{"i":{"x":0.667,"y":1},"o":{"x":0.333,"y":0},"n":"0p667_1_0p333_0","t":35,"s":[205.119,224.562,0],"e":[204.916,220.639,0],"to":[0,0,0],"ti":[0,0,0]},{"i":{"x":0.667,"y":1},"o":{"x":0.333,"y":0},"n":"0p667_1_0p333_0","t":46,"s":[204.916,220.639,0],"e":[205.119,224.562,0],"to":[0,0,0],"ti":[0,0,0]},{"i":{"x":0.667,"y":1},"o":{"x":0.333,"y":0},"n":"0p667_1_0p333_0","t":58,"s":[205.119,224.562,0],"e":[205.028,314.897,0],"to":[0,0,0],"ti":[0,0,0]},{"t":68}],"ix":2},"a":{"a":0,"k":[175.716,147.324,0],"ix":1},"s":{"a":0,"k":[100,111.111,100],"ix":6}},"ao":0,"shapes":[{"ty":"gr","it":[{"ind":0,"ty":"sh","ix":1,"ks":{"a":0,"k":{"i":[[16.049,0],[0,0],[0,16.049],[0,0],[-16.049,0],[0,0],[0,-16.049],[0,0]],"o":[[0,0],[-16.049,0],[0,0],[0,-16.049],[0,0],[16.049,0],[0,0],[0,16.049]],"v":[[131.922,72.923],[-131.391,72.923],[-160.45,43.865],[-160.716,-103.265],[-131.657,-132.324],[131.656,-132.324],[160.716,-103.265],[160.982,43.865]],"c":true},"ix":2},"nm":"Path 1","mn":"ADBE Vector Shape - Group","hd":false},{"ty":"st","c":{"a":0,"k":[0.136999990426,0.122000002394,0.125,1],"ix":3},"o":{"a":0,"k":100,"ix":4},"w":{"a":0,"k":6,"ix":5},"lc":1,"lj":1,"ml":10,"nm":"Stroke 1","mn":"ADBE Vector Graphic - Stroke","hd":false},{"ty":"fl","c":{"a":0,"k":[1,1,1,1],"ix":4},"o":{"a":0,"k":100,"ix":5},"r":1,"nm":"Fill 1","mn":"ADBE Vector Graphic - Fill","hd":false},{"ty":"tr","p":{"a":0,"k":[175.716,147.324],"ix":2},"a":{"a":0,"k":[0,0],"ix":1},"s":{"a":0,"k":[100,100],"ix":3},"r":{"a":0,"k":0,"ix":6},"o":{"a":0,"k":100,"ix":7},"sk":{"a":0,"k":0,"ix":4},"sa":{"a":0,"k":0,"ix":5},"nm":"Transform"}],"nm":"Group 1","np":3,"cix":2,"ix":1,"mn":"ADBE Vector Group","hd":false}],"ip":0,"op":360,"st":0,"bm":0},{"ddd":0,"ind":10,"ty":4,"nm":"Layer 8 Outlines","sr":1,"ks":{"o":{"a":0,"k":100,"ix":11},"r":{"a":1,"k":[{"i":{"x":[0.211],"y":[1]},"o":{"x":[0.333],"y":[0]},"n":["0p211_1_0p333_0"],"t":20,"s":[0],"e":[-5]},{"i":{"x":[0.667],"y":[1]},"o":{"x":[0.333],"y":[0]},"n":["0p667_1_0p333_0"],"t":35,"s":[-5],"e":[-5]},{"i":{"x":[0.667],"y":[1]},"o":{"x":[0.632],"y":[0]},"n":["0p667_1_0p632_0"],"t":61,"s":[-5],"e":[2]},{"i":{"x":[0.614],"y":[0.732]},"o":{"x":[0.415],"y":[0]},"n":["0p614_0p732_0p415_0"],"t":68,"s":[2],"e":[-1]},{"i":{"x":[0.538],"y":[1]},"o":{"x":[0.234],"y":[-0.355]},"n":["0p538_1_0p234_-0p355"],"t":79,"s":[-1],"e":[0]},{"t":87}],"ix":10},"p":{"a":1,"k":[{"i":{"x":0.211,"y":1},"o":{"x":0.333,"y":0},"n":"0p211_1_0p333_0","t":20,"s":[269.475,530.305,0],"e":[267.475,389.305,0],"to":[0,0,0],"ti":[0,0,0]},{"i":{"x":0.667,"y":1},"o":{"x":0.333,"y":0},"n":"0p667_1_0p333_0","t":35,"s":[267.475,389.305,0],"e":[267.475,377.805,0],"to":[0,0,0],"ti":[0,0,0]},{"i":{"x":0.667,"y":1},"o":{"x":0.632,"y":0},"n":"0p667_1_0p632_0","t":61,"s":[267.475,377.805,0],"e":[269.475,530.305,0],"to":[0,0,0],"ti":[0,0,0]},{"t":74}],"ix":2},"a":{"a":0,"k":[206.177,415.324,0],"ix":1},"s":{"a":1,"k":[{"i":{"x":[0.168,0.168,0.667],"y":[1,1,1]},"o":{"x":[0.333,0.333,0.333],"y":[0,0,0]},"n":["0p168_1_0p333_0","0p168_1_0p333_0","0p667_1_0p333_0"],"t":0,"s":[100,100,100],"e":[100,90,100]},{"i":{"x":[0.667,0.667,0.667],"y":[1,1,1]},"o":{"x":[0.333,0.333,0.333],"y":[0,0,0]},"n":["0p667_1_0p333_0","0p667_1_0p333_0","0p667_1_0p333_0"],"t":20,"s":[100,90,100],"e":[95,90,100]},{"i":{"x":[0.667,0.667,0.667],"y":[1,1,1]},"o":{"x":[0.333,0.333,0.333],"y":[0,0,0]},"n":["0p667_1_0p333_0","0p667_1_0p333_0","0p667_1_0p333_0"],"t":35,"s":[95,90,100],"e":[95,90,100]},{"i":{"x":[0.667,0.667,0.667],"y":[0.494,1,1]},"o":{"x":[0.333,0.333,0.333],"y":[0,0,0]},"n":["0p667_0p494_0p333_0","0p667_1_0p333_0","0p667_1_0p333_0"],"t":61,"s":[95,90,100],"e":[95,90,100]},{"i":{"x":[0.667,0.667,0.667],"y":[1,1,1]},"o":{"x":[0.333,0.333,0.333],"y":[0.087,0,0]},"n":["0p667_1_0p333_0p087","0p667_1_0p333_0","0p667_1_0p333_0"],"t":68,"s":[95,90,100],"e":[100,90,100]},{"i":{"x":[0.388,0.388,0.667],"y":[1,1,1]},"o":{"x":[0.333,0.333,0.333],"y":[0,0,0]},"n":["0p388_1_0p333_0","0p388_1_0p333_0","0p667_1_0p333_0"],"t":74,"s":[100,90,100],"e":[100,100,100]},{"t":87}],"ix":6}},"ao":0,"shapes":[{"ty":"gr","it":[{"ind":0,"ty":"sh","ix":1,"ks":{"a":1,"k":[{"i":{"x":0.667,"y":1},"o":{"x":0.333,"y":0},"n":"0p667_1_0p333_0","t":28,"s":[{"i":[[0,0],[0,0],[16.265,0],[0,0],[0,16.267],[0,0],[0,0],[0,0]],"o":[[0,0],[0,16.267],[0,0],[-16.266,0],[0,0],[0,0],[0,0],[0,0]],"v":[[191.177,-64.544],[191.177,170.709],[161.725,200.162],[-161.724,200.162],[-191.177,170.709],[-191.177,-64.544],[-20.511,-64.574],[20.613,-64.47]],"c":true}],"e":[{"i":[[0,0],[0,0],[16.265,0],[0,0],[0,16.267],[0,0],[0,0],[-12.124,-8.991]],"o":[[0,0],[0,16.267],[0,0],[-16.266,0],[0,0],[0,0],[12.125,-8.991],[0,0]],"v":[[191.177,-64.544],[191.177,170.709],[161.725,200.162],[-161.724,200.162],[-191.177,170.709],[-191.177,-64.544],[-22.59,-215.91],[18.238,-215.91]],"c":true}]},{"i":{"x":0.667,"y":1},"o":{"x":0.333,"y":0},"n":"0p667_1_0p333_0","t":35,"s":[{"i":[[0,0],[0,0],[16.265,0],[0,0],[0,16.267],[0,0],[0,0],[-12.124,-8.991]],"o":[[0,0],[0,16.267],[0,0],[-16.266,0],[0,0],[0,0],[12.125,-8.991],[0,0]],"v":[[191.177,-64.544],[191.177,170.709],[161.725,200.162],[-161.724,200.162],[-191.177,170.709],[-191.177,-64.544],[-22.59,-215.91],[18.238,-215.91]],"c":true}],"e":[{"i":[[0,0],[0,0],[16.265,0],[0,0],[0,16.267],[0,0],[0,0],[-12.124,-8.991]],"o":[[0,0],[0,16.267],[0,0],[-16.266,0],[0,0],[0,0],[12.125,-8.991],[0,0]],"v":[[191.177,-64.544],[191.177,170.709],[161.725,200.162],[-161.724,200.162],[-191.177,170.709],[-191.177,-64.544],[-17.373,-208.736],[23.455,-208.736]],"c":true}]},{"i":{"x":0.667,"y":1},"o":{"x":0.333,"y":0},"n":"0p667_1_0p333_0","t":61,"s":[{"i":[[0,0],[0,0],[16.265,0],[0,0],[0,16.267],[0,0],[0,0],[-12.124,-8.991]],"o":[[0,0],[0,16.267],[0,0],[-16.266,0],[0,0],[0,0],[12.125,-8.991],[0,0]],"v":[[191.177,-64.544],[191.177,170.709],[161.725,200.162],[-161.724,200.162],[-191.177,170.709],[-191.177,-64.544],[-17.373,-208.736],[23.455,-208.736]],"c":true}],"e":[{"i":[[0,0],[0,0],[16.265,0],[0,0],[0,16.267],[0,0],[0,0],[0,0]],"o":[[0,0],[0,16.267],[0,0],[-16.266,0],[0,0],[0,0],[0,0],[0,0]],"v":[[191.177,-64.544],[191.177,170.709],[161.725,200.162],[-161.724,200.162],[-191.177,170.709],[-191.177,-64.544],[-20.511,-64.574],[20.613,-64.47]],"c":true}]},{"t":68}],"ix":2},"nm":"Path 1","mn":"ADBE Vector Shape - Group","hd":false},{"ty":"st","c":{"a":0,"k":[0.136999990426,0.122000002394,0.125,1],"ix":3},"o":{"a":0,"k":100,"ix":4},"w":{"a":0,"k":6,"ix":5},"lc":1,"lj":1,"ml":10,"nm":"Stroke 1","mn":"ADBE Vector Graphic - Stroke","hd":false},{"ty":"fl","c":{"a":0,"k":[1,1,1,1],"ix":4},"o":{"a":0,"k":100,"ix":5},"r":1,"nm":"Fill 1","mn":"ADBE Vector Graphic - Fill","hd":false},{"ty":"tr","p":{"a":0,"k":[206.177,215.162],"ix":2},"a":{"a":0,"k":[0,0],"ix":1},"s":{"a":0,"k":[100,100],"ix":3},"r":{"a":0,"k":0,"ix":6},"o":{"a":0,"k":100,"ix":7},"sk":{"a":0,"k":0,"ix":4},"sa":{"a":0,"k":0,"ix":5},"nm":"Transform"}],"nm":"Group 1","np":3,"cix":2,"ix":1,"mn":"ADBE Vector Group","hd":false}],"ip":0,"op":360,"st":0,"bm":0}],"markers":[{"tm":23,"cm":"2","dr":0}]}